-- --------------------------------------------------------
-- Host:                         127.0.0.1
-- Versión del servidor:         10.2.10-MariaDB-log - mariadb.org binary distribution
-- SO del servidor:              Win64
-- HeidiSQL Versión:             9.5.0.5433
-- --------------------------------------------------------

/*!40101 SET @OLD_CHARACTER_SET_CLIENT=@@CHARACTER_SET_CLIENT */;
/*!40101 SET NAMES utf8 */;
/*!50503 SET NAMES utf8mb4 */;
/*!40014 SET @OLD_FOREIGN_KEY_CHECKS=@@FOREIGN_KEY_CHECKS, FOREIGN_KEY_CHECKS=0 */;
/*!40101 SET @OLD_SQL_MODE=@@SQL_MODE, SQL_MODE='NO_AUTO_VALUE_ON_ZERO' */;


-- Volcando estructura para tabla sme.countries
DROP TABLE IF EXISTS `countries`;
CREATE TABLE IF NOT EXISTS `countries` (
  `id` int(11) NOT NULL AUTO_INCREMENT,
  `country_code` varchar(6) NOT NULL DEFAULT '',
  `country_name` varchar(150) NOT NULL,
  `abbreviation` varchar(6) NOT NULL,
  `currency` varchar(6) NOT NULL,
  `image` varchar(120) NOT NULL DEFAULT '',
  PRIMARY KEY (`id`),
  UNIQUE KEY `pais` (`country_code`) USING BTREE
) ENGINE=InnoDB AUTO_INCREMENT=247 DEFAULT CHARSET=utf8 ROW_FORMAT=DYNAMIC;

-- Volcando datos para la tabla sme.countries: ~223 rows (aproximadamente)
/*!40000 ALTER TABLE `countries` DISABLE KEYS */;
INSERT INTO `countries` (`id`, `country_code`, `country_name`, `abbreviation`, `currency`, `image`) VALUES
	(1, '93', 'Afganistán', 'AFG', '$', 'afganistan.png'),
	(2, '355', 'Albania', 'ALB', '$', 'albania.png'),
	(3, '49', 'Alemania', 'DEU', '$', 'alemania.png'),
	(4, '213', 'Algeria', 'DZA', '$', 'algeria.png'),
	(5, '376', 'Andorra', 'AND', '$', 'andorra.png'),
	(6, '244', 'Angola', 'AGO', '$', 'angola.png'),
	(7, '1 264', 'Anguila', 'AIA', '$', 'anguila.png'),
	(8, '672', 'Antártida', 'ATA', '$', 'antartida.png'),
	(9, '1 268', 'Antigua y Barbuda', 'ATG', '$', 'antigua y barbuda.png'),
	(10, '599', 'Antillas Neerlandesas', 'ANT', '$', 'antillas neerlandesas.png'),
	(11, '966', 'Arabia Saudita', 'SAU', '$', 'arabia saudita.png'),
	(12, '54', 'Argentina', 'ARG', '$', 'argentina.png'),
	(13, '374', 'Armenia', 'ARM', '$', 'armenia.png'),
	(14, '297', 'Aruba', 'ABW', '$', 'aruba.png'),
	(15, '61', 'Australia', 'AUS', '$', 'australia.png'),
	(16, '43', 'Austria', 'AUT', '$', 'austria.png'),
	(17, '994', 'Azerbayán', 'AZE', '$', 'azerbayan.png'),
	(18, '32', 'Bélgica', 'BEL', '$', 'belgica.png'),
	(19, '1 242', 'Bahamas', 'BHS', '$', 'bahamas.png'),
	(20, '973', 'Bahrein', 'BHR', '$', 'bahrein.png'),
	(21, '880', 'Bangladesh', 'BGD', '$', 'bangladesh.png'),
	(22, '1 246', 'Barbados', 'BRB', '$', 'barbados.png'),
	(23, '501', 'Belice', 'BLZ', '$', 'belice.png'),
	(24, '229', 'Benín', 'BEN', '$', 'benin.png'),
	(25, '975', 'Bhután', 'BTN', '$', 'bhutan.png'),
	(26, '375', 'Bielorrusia', 'BLR', '$', 'bielorrusia.png'),
	(27, '95', 'Birmania', 'MMR', '$', 'birmania.png'),
	(28, '591', 'Bolivia', 'BOL', '$', 'bolivia.png'),
	(29, '387', 'Bosnia y Herzegovina', 'BIH', '$', 'bosnia y herzegovina.png'),
	(30, '267', 'Botsuana', 'BWA', '$', 'botsuana.png'),
	(31, '55', 'Brasil', 'BRA', '$', 'brasil.png'),
	(32, '673', 'Brunéi', 'BRN', '$', 'brunei.png'),
	(33, '359', 'Bulgaria', 'BGR', '$', 'bulgaria.png'),
	(34, '226', 'Burkina Faso', 'BFA', '$', 'burkina faso.png'),
	(35, '257', 'Burundi', 'BDI', '$', 'burundi.png'),
	(36, '238', 'Cabo Verde', 'CPV', '$', 'cabo verde.png'),
	(37, '855', 'Camboya', 'KHM', '$', 'camboya.png'),
	(38, '237', 'Camerún', 'CMR', '$', 'camerun.png'),
	(39, '1', 'Canadá', 'CAN', '$', 'canada.png'),
	(40, '235', 'Chad', 'TCD', '$', 'chad.png'),
	(41, '56', 'Chile', 'CHL', '$', 'chile.png'),
	(42, '86', 'China', 'CHN', '$', 'china.png'),
	(43, '357', 'Chipre', 'CYP', '$', 'chipre.png'),
	(44, '39', 'Ciudad del Vaticano', 'VAT', '$', 'ciudad del vaticano.png'),
	(45, '57', 'Colombia', 'COL', '$', 'colombia.png'),
	(46, '269', 'Comoras', 'COM', '$', 'comoras.png'),
	(47, '242', 'Congo', 'COG', '$', 'congo.png'),
	(48, '243', 'Congo', 'COD', '$', 'congo.png'),
	(49, '850', 'Corea del Norte', 'PRK', '$', 'corea del norte.png'),
	(50, '82', 'Corea del Sur', 'KOR', '$', 'corea del sur.png'),
	(51, '225', 'Costa de Marfil', 'CIV', '$', 'costa de marfil.png'),
	(52, '506', 'Costa Rica', 'CRI', '$', 'costa rica.png'),
	(53, '385', 'Croacia', 'HRV', '$', 'croacia.png'),
	(54, '53', 'Cuba', 'CUB', '$', 'cuba.png'),
	(55, '45', 'Dinamarca', 'DNK', '$', 'dinamarca.png'),
	(56, '1 767', 'Dominica', 'DMA', '$', 'dominica.png'),
	(57, '593', 'Ecuador', 'ECU', '$', 'ecuador.png'),
	(58, '20', 'Egipto', 'EGY', '$', 'egipto.png'),
	(59, '503', 'El Salvador', 'SLV', '$', 'el salvador.png'),
	(60, '971', 'Emiratos Árabes Unidos', 'ARE', '$', 'emiratos arabes unidos.png'),
	(61, '291', 'Eritrea', 'ERI', '$', 'eritrea.png'),
	(62, '421', 'Eslovaquia', 'SVK', '$', 'eslovaquia.png'),
	(63, '386', 'Eslovenia', 'SVN', '$', 'eslovenia.png'),
	(64, '34', 'España', 'ESP', '$', 'españa.png'),
	(66, '372', 'Estonia', 'EST', '$', 'estonia.png'),
	(67, '251', 'Etiopía', 'ETH', '$', 'etiopia.png'),
	(68, '63', 'Filipinas', 'PHL', '$', 'filipinas.png'),
	(69, '358', 'Finlandia', 'FIN', '$', 'finlandia.png'),
	(70, '679', 'Fiyi', 'FJI', '$', 'fiyi.png'),
	(71, '33', 'Francia', 'FRA', '$', 'francia.png'),
	(72, '241', 'Gabón', 'GAB', '$', 'gabon.png'),
	(73, '220', 'Gambia', 'GMB', '$', 'gambia.png'),
	(74, '995', 'Georgia', 'GEO', '$', 'georgia.png'),
	(75, '233', 'Ghana', 'GHA', '$', 'ghana.png'),
	(76, '350', 'Gibraltar', 'GIB', '$', 'gibraltar.png'),
	(77, '1 473', 'Granada', 'GRD', '$', 'granada.png'),
	(78, '30', 'Grecia', 'GRC', '$', 'grecia.png'),
	(79, '299', 'Groenlandia', 'GRL', '$', 'groenlandia.png'),
	(80, '', 'Guadalupe', 'GLP', '$', 'guadalupe.png'),
	(81, '1 671', 'Guam', 'GUM', '$', 'guam.png'),
	(82, '502', 'Guatemala', 'GTM', '$', 'guatemala.png'),
	(85, '224', 'Guinea', 'GIN', '$', 'guinea.png'),
	(86, '240', 'Guinea Ecuatorial', 'GNQ', '$', 'guinea ecuatorial.png'),
	(87, '245', 'Guinea-Bissau', 'GNB', '$', 'guinea-bissau.png'),
	(88, '592', 'Guyana', 'GUY', '$', 'guyana.png'),
	(89, '509', 'Haití', 'HTI', '$', 'haiti.png'),
	(90, '504', 'Honduras', 'HND', '$', 'honduras.png'),
	(91, '852', 'Hong kong', 'HKG', '$', 'hong kong.png'),
	(92, '36', 'Hungría', 'HUN', '$', 'hungria.png'),
	(93, '91', 'India', 'IND', '$', 'india.png'),
	(94, '62', 'Indonesia', 'IDN', '$', 'indonesia.png'),
	(95, '98', 'Irán', 'IRN', '$', 'iran.png'),
	(96, '964', 'Irak', 'IRQ', '$', 'irak.png'),
	(97, '353', 'Irlanda', 'IRL', '$', 'irlanda.png'),
	(99, '44', 'Isla de Man', 'IMN', '$', 'isla de man.png'),
	(102, '354', 'Islandia', 'ISL', '$', 'islandia.png'),
	(103, '1 441', 'Islas Bermudas', 'BMU', '$', 'islas bermudas.png'),
	(104, '1 345', 'Islas Caimán', 'CYM', '$', 'islas caiman.png'),
	(106, '682', 'Islas Cook', 'COK', '$', 'islas cook.png'),
	(108, '298', 'Islas Feroe', 'FRO', '$', 'islas feroe.png'),
	(111, '960', 'Islas Maldivas', 'MDV', '$', 'islas maldivas.png'),
	(112, '500', 'Islas Malvinas', 'FLK', '$', 'islas malvinas.png'),
	(113, '1 670', 'Islas Marianas del Norte', 'MNP', '$', 'islas marianas del norte.png'),
	(114, '692', 'Islas Marshall', 'MHL', '$', 'islas marshall.png'),
	(115, '870', 'Islas Pitcairn', 'PCN', '$', 'islas pitcairn.png'),
	(116, '677', 'Islas Salomón', 'SLB', '$', 'islas salomon.png'),
	(117, '1 649', 'Islas Turcas y Caicos', 'TCA', '$', 'islas turcas y caicos.png'),
	(119, '1 284', 'Islas Vírgenes Británicas', 'VG', '$', 'islas virgenes britanicas.png'),
	(120, '1 340', 'Islas Vírgenes de los Estados Unidos', 'VIR', '$', 'islas virgenes de los estados unidos.png'),
	(121, '972', 'Israel', 'ISR', '$', 'israel.png'),
	(123, '1 876', 'Jamaica', 'JAM', '$', 'jamaica.png'),
	(124, '81', 'Japón', 'JPN', '$', 'japon.png'),
	(126, '962', 'Jordania', 'JOR', '$', 'jordania.png'),
	(127, '7', 'Kazajistán', 'KAZ', '$', 'kazajistan.png'),
	(128, '254', 'Kenia', 'KEN', '$', 'kenia.png'),
	(129, '996', 'Kirgizstán', 'KGZ', '$', 'kirgizstan.png'),
	(130, '686', 'Kiribati', 'KIR', '$', 'kiribati.png'),
	(131, '965', 'Kuwait', 'KWT', '$', 'kuwait.png'),
	(132, '961', 'Líbano', 'LBN', '$', 'libano.png'),
	(133, '856', 'Laos', 'LAO', '$', 'laos.png'),
	(134, '266', 'Lesoto', 'LSO', '$', 'lesoto.png'),
	(135, '371', 'Letonia', 'LVA', '$', 'letonia.png'),
	(136, '231', 'Liberia', 'LBR', '$', 'liberia.png'),
	(137, '218', 'Libia', 'LBY', '$', 'libia.png'),
	(138, '423', 'Liechtenstein', 'LIE', '$', 'liechtenstein.png'),
	(139, '370', 'Lituania', 'LTU', '$', 'lituania.png'),
	(140, '352', 'Luxemburgo', 'LUX', '$', 'luxemburgo.png'),
	(141, '52', 'México', 'MEX', '$', 'mexico.png'),
	(142, '377', 'Mónaco', 'MCO', '$', 'monaco.png'),
	(143, '853', 'Macao', 'MAC', '$', 'macao.png'),
	(144, '389', 'Macedônia', 'MKD', '$', 'macedônia.png'),
	(145, '261', 'Madagascar', 'MDG', '$', 'madagascar.png'),
	(146, '60', 'Malasia', 'MYS', '$', 'malasia.png'),
	(147, '265', 'Malawi', 'MWI', '$', 'malawi.png'),
	(148, '223', 'Mali', 'MLI', '$', 'mali.png'),
	(149, '356', 'Malta', 'MLT', '$', 'malta.png'),
	(150, '212', 'Marruecos', 'MAR', '$', 'marruecos.png'),
	(152, '230', 'Mauricio', 'MUS', '$', 'mauricio.png'),
	(153, '222', 'Mauritania', 'MRT', '$', 'mauritania.png'),
	(154, '262', 'Mayotte', 'MYT', '$', 'mayotte.png'),
	(155, '691', 'Micronesia', 'FSM', '$', 'micronesia.png'),
	(156, '373', 'Moldavia', 'MDA', '$', 'moldavia.png'),
	(157, '976', 'Mongolia', 'MNG', '$', 'mongolia.png'),
	(158, '382', 'Montenegro', 'MNE', '$', 'montenegro.png'),
	(159, '1 664', 'Montserrat', 'MSR', '$', 'montserrat.png'),
	(160, '258', 'Mozambique', 'MOZ', '$', 'mozambique.png'),
	(161, '264', 'Namibia', 'NAM', '$', 'namibia.png'),
	(162, '674', 'Nauru', 'NRU', '$', 'nauru.png'),
	(163, '977', 'Nepal', 'NPL', '$', 'nepal.png'),
	(164, '505', 'Nicaragua', 'NIC', '$', 'nicaragua.png'),
	(165, '227', 'Niger', 'NER', '$', 'niger.png'),
	(166, '234', 'Nigeria', 'NGA', '$', 'nigeria.png'),
	(167, '683', 'Niue', 'NIU', '$', 'niue.png'),
	(168, '47', 'Noruega', 'NOR', '$', 'noruega.png'),
	(169, '687', 'Nueva Caledonia', 'NCL', '$', 'nueva caledonia.png'),
	(170, '64', 'Nueva Zelanda', 'NZL', '$', 'nueva zelanda.png'),
	(171, '968', 'Omán', 'OMN', '$', 'oman.png'),
	(172, '31', 'Países Bajos', 'NLD', '$', 'paises bajos.png'),
	(173, '92', 'Pakistán', 'PAK', '$', 'pakistan.png'),
	(174, '680', 'Palau', 'PLW', '$', 'palau.png'),
	(176, '507', 'Panamá', 'PAN', '$', 'panama.png'),
	(177, '675', 'Papúa Nueva Guinea', 'PNG', '$', 'papua nueva guinea.png'),
	(178, '595', 'Paraguay', 'PRY', '$', 'paraguay.png'),
	(179, '51', 'Perú', 'PER', '$', 'peru.png'),
	(180, '689', 'Polinesia Francesa', 'PYF', '$', 'polinesia francesa.png'),
	(181, '48', 'Polonia', 'POL', '$', 'polonia.png'),
	(182, '351', 'Portugal', 'PRT', '$', 'portugal.png'),
	(184, '974', 'Qatar', 'QAT', '$', 'qatar.png'),
	(186, '236', 'República Centroafricana', 'CAF', '$', 'republica centroafricana.png'),
	(187, '420', 'República Checa', 'CZE', '$', 'republica checa.png'),
	(188, '1 809', 'República Dominicana', 'DOM', '$', 'republica dominicana.png'),
	(190, '250', 'Ruanda', 'RWA', '$', 'ruanda.png'),
	(191, '40', 'Rumanía', 'ROU', '$', 'rumania.png'),
	(194, '685', 'Samoa', 'WSM', '$', 'samoa.png'),
	(195, '1 684', 'Samoa Americana', 'ASM', '$', 'samoa americana.png'),
	(196, '590', 'San Bartolomé', 'BLM', '$', 'san bartolome.png'),
	(197, '1 869', 'San Cristóbal y Nieves', 'KNA', '$', 'san cristobal y nieves.png'),
	(198, '378', 'San Marino', 'SMR', '$', 'san marino.png'),
	(199, '1 599', 'San Martín (Francia)', 'MAF', '$', 'san martin (francia).png'),
	(200, '508', 'San Pedro y Miquelón', 'SPM', '$', 'san pedro y miquelon.png'),
	(201, '1 784', 'San Vicente y las Granadinas', 'VCT', '$', 'san vicente y las granadinas.png'),
	(202, '290', 'Santa Elena', 'SHN', '$', 'santa elena.png'),
	(203, '1 758', 'Santa Lucía', 'LCA', '$', 'santa lucia.png'),
	(204, '239', 'Santo Tomé y Príncipe', 'STP', '$', 'santo tome y principe.png'),
	(205, '221', 'Senegal', 'SEN', '$', 'senegal.png'),
	(206, '381', 'Serbia', 'SRB', '$', 'serbia.png'),
	(207, '248', 'Seychelles', 'SYC', '$', 'seychelles.png'),
	(208, '232', 'Sierra Leona', 'SLE', '$', 'sierra leona.png'),
	(209, '65', 'Singapur', 'SGP', '$', 'singapur.png'),
	(210, '963', 'Siria', 'SYR', '$', 'siria.png'),
	(211, '252', 'Somalia', 'SOM', '$', 'somalia.png'),
	(212, '94', 'Sri lanka', 'LKA', '$', 'sri lanka.png'),
	(213, '27', 'Sudáfrica', 'ZAF', '$', 'sudafrica.png'),
	(214, '249', 'Sudán', 'SDN', '$', 'sudan.png'),
	(215, '46', 'Suecia', 'SWE', '$', 'suecia.png'),
	(216, '41', 'Suiza', 'CHE', '$', 'suiza.png'),
	(217, '597', 'Surinám', 'SUR', '$', 'surinam.png'),
	(219, '268', 'Swazilandia', 'SWZ', '$', 'swazilandia.png'),
	(220, '992', 'Tadjikistán', 'TJK', '$', 'tadjikistan.png'),
	(221, '66', 'Tailandia', 'THA', '$', 'tailandia.png'),
	(222, '886', 'Taiwán', 'TWN', '$', 'taiwan.png'),
	(223, '255', 'Tanzania', 'TZA', '$', 'tanzania.png'),
	(226, '670', 'Timor Oriental', 'TLS', '$', 'timor oriental.png'),
	(227, '228', 'Togo', 'TGO', '$', 'togo.png'),
	(228, '690', 'Tokelau', 'TKL', '$', 'tokelau.png'),
	(229, '676', 'Tonga', 'TON', '$', 'tonga.png'),
	(230, '1 868', 'Trinidad y Tobago', 'TTO', '$', 'trinidad y tobago.png'),
	(231, '216', 'Tunez', 'TUN', '$', 'tunez.png'),
	(232, '993', 'Turkmenistán', 'TKM', '$', 'turkmenistan.png'),
	(233, '90', 'Turquía', 'TUR', '$', 'turquia.png'),
	(234, '688', 'Tuvalu', 'TUV', '$', 'tuvalu.png'),
	(235, '380', 'Ucrania', 'UKR', '$', 'ucrania.png'),
	(236, '256', 'Uganda', 'UGA', '$', 'uganda.png'),
	(237, '598', 'Uruguay', 'URY', '$', 'uruguay.png'),
	(238, '998', 'Uzbekistán', 'UZB', '$', 'uzbekistan.png'),
	(239, '678', 'Vanuatu', 'VUT', '$', 'vanuatu.png'),
	(240, '58', 'Venezuela', 'VEN', '$', 'venezuela.png'),
	(241, '84', 'Vietnam', 'VNM', '$', 'vietnam.png'),
	(242, '681', 'Wallis y Futuna', 'WLF', '$', 'wallis y futuna.png'),
	(243, '967', 'Yemen', 'YEM', '$', 'yemen.png'),
	(244, '253', 'Yibuti', 'DJI', '$', 'yibuti.png'),
	(245, '260', 'Zambia', 'ZMB', '$', 'zambia.png'),
	(246, '263', 'Zimbabue', 'ZWE', '$', 'zimbabue.png');
/*!40000 ALTER TABLE `countries` ENABLE KEYS */;

-- Volcando estructura para tabla sme.departments
DROP TABLE IF EXISTS `departments`;
CREATE TABLE IF NOT EXISTS `departments` (
  `id` int(30) NOT NULL AUTO_INCREMENT,
  `id_country` int(11) NOT NULL,
  `code` varchar(6) NOT NULL,
  `name_departament` varchar(120) NOT NULL,
  `abbreviation` varchar(12) NOT NULL,
  PRIMARY KEY (`id`),
  UNIQUE KEY `UK_code` (`code`,`id_country`) USING BTREE,
  KEY `id_country` (`id_country`),
  CONSTRAINT `FK_dc_id_country` FOREIGN KEY (`id_country`) REFERENCES `countries` (`id`) ON UPDATE CASCADE
) ENGINE=InnoDB AUTO_INCREMENT=36 DEFAULT CHARSET=utf8;

-- Volcando datos para la tabla sme.departments: ~34 rows (aproximadamente)
/*!40000 ALTER TABLE `departments` DISABLE KEYS */;
INSERT INTO `departments` (`id`, `id_country`, `code`, `name_departament`, `abbreviation`) VALUES
	(1, 45, '04', 'No aplica', 'N/APLI'),
	(2, 45, '05', 'Antioquia', 'ANT.'),
	(3, 45, '08', 'Atlántico', 'ATL.'),
	(4, 45, '11', 'Bogotá D.C.', 'BOG.'),
	(5, 45, '13', 'Bolívar', 'BOL.'),
	(6, 45, '15', 'Boyaca', 'BOY.'),
	(7, 45, '17', 'Caldas', 'CAL.'),
	(8, 45, '18', 'Caquetá', 'CAQ.'),
	(9, 45, '19', 'Cauca', 'CAU.'),
	(10, 45, '20', 'Cesar', 'CES.'),
	(11, 45, '23', 'Córdoba', 'CÓRD.'),
	(12, 45, '25', 'Cundinamarca', 'CUND.'),
	(13, 45, '27', 'Chocó', 'CHO.'),
	(14, 45, '41', 'Huila', 'HUILA'),
	(15, 45, '44', 'Guajira', 'GUAJ.'),
	(16, 45, '47', 'Magdalena', 'MAGD.'),
	(17, 45, '50', 'Meta', 'META'),
	(18, 45, '52', 'Nariño', 'NAR.'),
	(19, 45, '54', 'Norte de Santander', 'N.STDER'),
	(20, 45, '63', 'Quindio', 'QUIN.'),
	(21, 45, '66', 'Risaralda', 'RISAR.'),
	(22, 45, '68', 'Santander', 'STDER'),
	(23, 45, '70', 'Sucre', 'SUC.'),
	(24, 45, '73', 'Tolima', 'TOL.'),
	(25, 45, '76', 'Valle', 'VAL.'),
	(26, 45, '81', 'Arauca', 'ARA.'),
	(27, 45, '85', 'Casanare', 'CAS.'),
	(28, 45, '86', 'Putumayo', 'PUT.'),
	(29, 45, '88', 'San Andrés', 'S.AND.'),
	(30, 45, '91', 'Amazonas', 'AMA.'),
	(31, 45, '94', 'Guainía', 'GUAINIA'),
	(32, 45, '95', 'Guaviare', 'GUAV.'),
	(33, 45, '97', 'Vaupés', 'VAU.'),
	(35, 45, '99', 'Vichada', 'VICH');
/*!40000 ALTER TABLE `departments` ENABLE KEYS */;


-- Volcando estructura para tabla sme.cities
DROP TABLE IF EXISTS `cities`;
CREATE TABLE IF NOT EXISTS `cities` (
  `id` int(30) NOT NULL AUTO_INCREMENT,
  `id_dept` int(30) NOT NULL,
  `city_code` varchar(20) NOT NULL,
  `name_city` varchar(120) NOT NULL,
  PRIMARY KEY (`id`),
  UNIQUE KEY `UK_dept_city` (`id_dept`,`name_city`),
  KEY `K_name_city` (`name_city`),
  KEY `K_city_code` (`city_code`),
  CONSTRAINT `FK_cd_id_dept` FOREIGN KEY (`id_dept`) REFERENCES `departments` (`id`) ON UPDATE CASCADE
) ENGINE=InnoDB AUTO_INCREMENT=1129 DEFAULT CHARSET=utf8;

-- Volcando datos para la tabla sme.cities: ~1.127 rows (aproximadamente)
/*!40000 ALTER TABLE `cities` DISABLE KEYS */;
INSERT INTO `cities` (`id`, `id_dept`, `city_code`, `name_city`) VALUES
	(1, 2, '001', 'MEDELLIN'),
	(2, 2, '002', 'ABEJORRAL'),
	(3, 2, '004', 'ABRIAQUI'),
	(4, 2, '021', 'ALEJANDRIA'),
	(5, 2, '030', 'AMAGA'),
	(6, 2, '031', 'AMALFI'),
	(7, 2, '034', 'ANDES'),
	(8, 2, '036', 'ANGELOPOLIS'),
	(9, 2, '038', 'ANGOSTURA'),
	(10, 2, '040', 'ANORI'),
	(11, 2, '042', 'ANTIOQUIA'),
	(12, 2, '044', 'ANZA'),
	(13, 2, '045', 'APARTADO'),
	(14, 2, '051', 'ARBOLETES'),
	(15, 2, '055', 'ARGELIA'),
	(16, 2, '059', 'ARMENIA'),
	(17, 2, '079', 'BARBOSA'),
	(18, 2, '086', 'BELMIRA'),
	(19, 2, '088', 'BELLO'),
	(20, 2, '091', 'BETANIA'),
	(21, 2, '093', 'BETULIA'),
	(22, 2, '101', 'BOLIVAR'),
	(23, 2, '107', 'BRICEÑO'),
	(24, 2, '113', 'BURITICA'),
	(25, 2, '120', 'CACERES'),
	(26, 2, '125', 'CAICEDO'),
	(27, 2, '129', 'CALDAS'),
	(28, 2, '134', 'CAMPAMENTO'),
	(29, 2, '138', 'CAÑASGORDAS'),
	(30, 2, '142', 'CARACOLI'),
	(31, 2, '145', 'CARAMANTA'),
	(32, 2, '147', 'CAREPA'),
	(33, 2, '148', 'CARMEN DE VIBORAL'),
	(34, 2, '150', 'CAROLINA'),
	(35, 2, '154', 'CAUCASIA'),
	(36, 2, '172', 'CHIGORODO'),
	(37, 2, '190', 'CISNEROS'),
	(38, 2, '197', 'COCORNA'),
	(39, 2, '206', 'CONCEPCION'),
	(40, 2, '209', 'CONCORDIA'),
	(41, 2, '212', 'COPACABANA'),
	(42, 2, '234', 'DABEIBA'),
	(43, 2, '237', 'DON MATIAS'),
	(44, 2, '240', 'EBEJICO'),
	(45, 2, '250', 'EL BAGRE'),
	(46, 2, '264', 'ENTRERRIOS'),
	(47, 2, '266', 'ENVIGADO'),
	(48, 2, '282', 'FREDONIA'),
	(49, 2, '284', 'FRONTINO'),
	(50, 2, '306', 'GIRALDO'),
	(51, 2, '308', 'GIRARDOTA'),
	(52, 2, '310', 'GOMEZ PLATA'),
	(53, 2, '313', 'GRANADA'),
	(54, 2, '315', 'GUADALUPE'),
	(55, 2, '318', 'GUARNE'),
	(56, 2, '321', 'GUATAPE'),
	(57, 2, '347', 'HELICONIA'),
	(58, 2, '353', 'HISPANIA'),
	(59, 2, '360', 'ITAGUI'),
	(60, 2, '361', 'ITUANGO'),
	(61, 2, '364', 'JARDIN'),
	(62, 2, '368', 'JERICO'),
	(63, 2, '376', 'LA CEJA'),
	(64, 2, '380', 'LA ESTRELLA'),
	(65, 2, '390', 'LA PINTADA'),
	(66, 2, '400', 'LA UNION'),
	(67, 2, '411', 'LIBORINA'),
	(68, 2, '425', 'MACEO'),
	(69, 2, '440', 'MARINILLA'),
	(70, 2, '467', 'MONTEBELLO'),
	(71, 2, '475', 'MURINDO'),
	(72, 2, '480', 'MUTATA'),
	(73, 2, '483', 'NARIÑO'),
	(74, 2, '490', 'NECOCLI'),
	(75, 2, '495', 'NECHI'),
	(76, 2, '501', 'OLAYA'),
	(77, 2, '541', 'PEÑOL'),
	(78, 2, '543', 'PEQUE'),
	(79, 2, '576', 'PUEBLORRICO'),
	(80, 2, '579', 'PUERTO BERRIO'),
	(81, 2, '585', 'PUERTO NARE (LA MAGDALENA)'),
	(82, 2, '591', 'PUERTO TRIUNFO'),
	(83, 2, '604', 'REMEDIOS'),
	(84, 2, '607', 'RETIRO'),
	(85, 2, '615', 'RIONEGRO'),
	(86, 2, '628', 'SABANALARGA'),
	(87, 2, '631', 'SABANETA'),
	(88, 2, '642', 'SALGAR'),
	(89, 2, '647', 'SAN ANDRES'),
	(90, 2, '649', 'SAN CARLOS'),
	(91, 2, '652', 'SAN FRANCISCO'),
	(92, 2, '656', 'SAN JERONIMO'),
	(93, 2, '658', 'SAN JOSE DE LA MONTAÑA'),
	(94, 2, '659', 'SAN JUAN DE URABA'),
	(95, 2, '660', 'SAN LUIS'),
	(96, 2, '664', 'SAN PEDRO'),
	(97, 2, '665', 'SAN PEDRO DE URABA'),
	(98, 2, '667', 'SAN RAFAEL'),
	(99, 2, '670', 'SAN ROQUE'),
	(100, 2, '674', 'SAN VICENTE'),
	(101, 2, '679', 'SANTA BARBARA'),
	(102, 2, '686', 'SANTA ROSA DE OSOS'),
	(103, 2, '690', 'SANTO DOMINGO'),
	(104, 2, '697', 'SANTUARIO'),
	(105, 2, '736', 'SEGOVIA'),
	(106, 2, '756', 'SONSON'),
	(107, 2, '761', 'SOPETRAN'),
	(108, 2, '789', 'TAMESIS'),
	(109, 2, '790', 'TARAZA'),
	(110, 2, '792', 'TARSO'),
	(111, 2, '809', 'TITIRIBI'),
	(112, 2, '819', 'TOLEDO'),
	(113, 2, '837', 'TURBO'),
	(114, 2, '842', 'URAMITA'),
	(115, 2, '847', 'URRAO'),
	(116, 2, '854', 'VALDIVIA'),
	(117, 2, '856', 'VALPARAISO'),
	(118, 2, '858', 'VEGACHI'),
	(119, 2, '861', 'VENECIA'),
	(120, 2, '873', 'VIGIA DEL FUERTE'),
	(121, 2, '885', 'YALI'),
	(122, 2, '887', 'YARUMAL'),
	(123, 2, '890', 'YOLOMBO'),
	(124, 2, '893', 'YONDO'),
	(125, 2, '895', 'ZARAGOZA'),
	(126, 3, '001', 'BARRANQUILLA DISTRITO ESPECIAL'),
	(127, 3, '078', 'BARANOA'),
	(128, 3, '137', 'CAMPO DE LA CRUZ'),
	(129, 3, '141', 'CANDELARIA'),
	(130, 3, '296', 'GALAPA'),
	(131, 3, '372', 'JUAN DE ACOSTA'),
	(132, 3, '421', 'LURUACO'),
	(133, 3, '433', 'MALAMBO'),
	(134, 3, '436', 'MANATI'),
	(135, 3, '520', 'PALMAR DE VARELA'),
	(136, 3, '549', 'PIOJO'),
	(137, 3, '558', 'POLO NUEVO'),
	(138, 3, '560', 'PONEDERA'),
	(139, 3, '573', 'PUERTO COLOMBIA'),
	(140, 3, '606', 'REPELON'),
	(141, 3, '634', 'SABANAGRANDE'),
	(142, 3, '638', 'SABANALARGA'),
	(143, 3, '675', 'SANTA LUCIA'),
	(144, 3, '685', 'SANTO TOMAS'),
	(145, 3, '758', 'SOLEDAD'),
	(146, 3, '770', 'SUAN'),
	(147, 3, '832', 'TUBARA'),
	(148, 3, '849', 'USIACURI'),
	(149, 4, '000', 'DISTRITO CAPITAL'),
	(150, 4, '001', 'LOCALIDAD 01 - USAQUEN'),
	(151, 4, '002', 'LOCALIDAD 02 - CHAPINERO'),
	(152, 4, '003', 'LOCALIDAD 03 - SANTA FE'),
	(153, 4, '004', 'LOCALIDAD 04 - SAN CRISTOBAL'),
	(154, 4, '005', 'LOCALIDAD 05 - USME'),
	(155, 4, '006', 'LOCALIDAD 06 -TUNJUELITO'),
	(156, 4, '007', 'LOCALIDAD 07 - BOSA'),
	(157, 4, '008', 'LOCALIDAD 08 - KENNEDY'),
	(158, 4, '009', 'LOCALIDAD 09 - FONTIBON'),
	(159, 4, '010', 'LOCALIDAD 10 - ENGATIVA'),
	(160, 4, '011', 'LOCALIDAD 11 - SUBA'),
	(161, 4, '012', 'LOCALIDAD 12 - BARRIOS UNIDOS'),
	(162, 4, '013', 'LOCALIDAD 13 - TEUSAQUILLO'),
	(163, 4, '014', 'LOCALIDAD 14 - MARTIRES'),
	(164, 4, '015', 'LOCALIDAD 15 - ANTONIO NARIÑO'),
	(165, 4, '016', 'LOCALIDAD 16 - PUENTE ARANDA'),
	(166, 4, '017', 'LOCALIDAD 17 - CANDELARIA'),
	(167, 4, '018', 'LOCALIDAD 18 - RAFAEL URIBE'),
	(168, 4, '019', 'LOCALIDAD 19 - CIUDAD BOLIVAR'),
	(169, 4, '020', 'LOCALIDAD 20 - SUMAPAZ'),
	(170, 5, '001', 'CARTAGENA (DISTRITO TURISTICO Y CULTURAL D'),
	(171, 5, '006', 'ACHI'),
	(172, 5, '030', 'ALTOS DEL ROSARIO'),
	(173, 5, '042', 'ARENAL'),
	(174, 5, '052', 'ARJONA'),
	(175, 5, '062', 'ARROYOHONDO'),
	(176, 5, '074', 'BARRANCO DE LOBA'),
	(177, 5, '140', 'CALAMAR'),
	(178, 5, '160', 'CANTAGALLO'),
	(179, 5, '188', 'CICUCO'),
	(180, 5, '212', 'CORDOBA'),
	(181, 5, '222', 'CLEMENCIA'),
	(182, 5, '244', 'EL CARMEN DE BOLIVAR'),
	(183, 5, '248', 'EL GUAMO'),
	(184, 5, '268', 'EL PEÑON'),
	(185, 5, '300', 'HATILLO DE LOBA'),
	(186, 5, '430', 'MAGANGUE'),
	(187, 5, '433', 'MAHATES'),
	(188, 5, '440', 'MARGARITA'),
	(189, 5, '442', 'MARIA LA BAJA'),
	(190, 5, '458', 'MONTECRISTO'),
	(191, 5, '468', 'MOMPOS'),
	(192, 5, '473', 'MORALES'),
	(193, 5, '549', 'PINILLOS'),
	(194, 5, '580', 'REGIDOR'),
	(195, 5, '600', 'RIO VIEJO'),
	(196, 5, '620', 'SAN CRISTOBAL'),
	(197, 5, '647', 'SAN ESTANISLAO'),
	(198, 5, '650', 'SAN FERNANDO'),
	(199, 5, '654', 'SAN JACINTO'),
	(200, 5, '655', 'SAN JACINTO DEL CAUCA'),
	(201, 5, '657', 'SAN JUAN NEPOMUCENO'),
	(202, 5, '667', 'SAN MARTIN DE LOBA'),
	(203, 5, '670', 'SAN PABLO'),
	(204, 5, '673', 'SANTA CATALINA'),
	(205, 5, '683', 'SANTA ROSA'),
	(206, 5, '688', 'SANTA ROSA DEL SUR'),
	(207, 5, '744', 'SIMITI'),
	(208, 5, '760', 'SOPLAVIENTO'),
	(209, 5, '780', 'TALAIGUA NUEVO'),
	(210, 5, '810', 'TIQUISIO (PUERTO RICO)'),
	(211, 5, '836', 'TURBACO'),
	(212, 5, '838', 'TURBANA'),
	(213, 5, '873', 'VILLANUEVA'),
	(214, 5, '894', 'ZAMBRANO'),
	(215, 6, '001', 'TUNJA'),
	(216, 6, '022', 'ALMEIDA'),
	(217, 6, '047', 'AQUITANIA'),
	(218, 6, '051', 'ARCABUCO'),
	(219, 6, '087', 'BELEN'),
	(220, 6, '090', 'BERBEO'),
	(221, 6, '092', 'BETEITIVA'),
	(222, 6, '097', 'BOAVITA'),
	(223, 6, '104', 'BOYACA'),
	(224, 6, '106', 'BRICEÑO'),
	(225, 6, '109', 'BUENAVISTA'),
	(226, 6, '114', 'BUSBANZA'),
	(227, 6, '131', 'CALDAS'),
	(228, 6, '135', 'CAMPOHERMOSO'),
	(229, 6, '162', 'CERINZA'),
	(230, 6, '172', 'CHINAVITA'),
	(231, 6, '176', 'CHIQUINQUIRA'),
	(232, 6, '180', 'CHISCAS'),
	(233, 6, '183', 'CHITA'),
	(234, 6, '185', 'CHITARAQUE'),
	(235, 6, '187', 'CHIVATA'),
	(236, 6, '189', 'CIENEGA'),
	(237, 6, '204', 'COMBITA'),
	(238, 6, '212', 'COPER'),
	(239, 6, '215', 'CORRALES'),
	(240, 6, '218', 'COVARACHIA'),
	(241, 6, '223', 'CUBARA'),
	(242, 6, '224', 'CUCAITA'),
	(243, 6, '226', 'CUITIVA'),
	(244, 6, '232', 'CHIQUIZA'),
	(245, 6, '236', 'CHIVOR'),
	(246, 6, '238', 'DUITAMA'),
	(247, 6, '244', 'EL COCUY'),
	(248, 6, '248', 'EL ESPINO'),
	(249, 6, '272', 'FIRAVITOBA'),
	(250, 6, '276', 'FLORESTA'),
	(251, 6, '293', 'GACHANTIVA'),
	(252, 6, '296', 'GAMEZA'),
	(253, 6, '299', 'GARAGOA'),
	(254, 6, '317', 'GUACAMAYAS'),
	(255, 6, '322', 'GUATEQUE'),
	(256, 6, '325', 'GUAYATA'),
	(257, 6, '332', 'GUICAN'),
	(258, 6, '362', 'IZA'),
	(259, 6, '367', 'JENESANO'),
	(260, 6, '368', 'JERICO'),
	(261, 6, '377', 'LABRANZAGRANDE'),
	(262, 6, '380', 'LA CAPILLA'),
	(263, 6, '401', 'LA VICTORIA'),
	(264, 6, '403', 'LA UVITA'),
	(265, 6, '407', 'VILLA DE LEIVA'),
	(266, 6, '425', 'MACANAL'),
	(267, 6, '442', 'MARIPI'),
	(268, 6, '455', 'MIRAFLORES'),
	(269, 6, '464', 'MONGUA'),
	(270, 6, '466', 'MONGUI'),
	(271, 6, '469', 'MONIQUIRA'),
	(272, 6, '476', 'MOTAVITA'),
	(273, 6, '480', 'MUZO'),
	(274, 6, '491', 'NOBSA'),
	(275, 6, '494', 'NUEVO COLON'),
	(276, 6, '500', 'OICATA'),
	(277, 6, '507', 'OTANCHE'),
	(278, 6, '511', 'PACHAVITA'),
	(279, 6, '514', 'PAEZ'),
	(280, 6, '516', 'PAIPA'),
	(281, 6, '518', 'PAJARITO'),
	(282, 6, '522', 'PANQUEBA'),
	(283, 6, '531', 'PAUNA'),
	(284, 6, '533', 'PAYA'),
	(285, 6, '537', 'PAZ DEL RIO'),
	(286, 6, '542', 'PESCA'),
	(287, 6, '550', 'PISBA'),
	(288, 6, '572', 'PUERTO BOYACA'),
	(289, 6, '580', 'QUIPAMA'),
	(290, 6, '599', 'RAMIRIQUI'),
	(291, 6, '600', 'RAQUIRA'),
	(292, 6, '621', 'RONDON'),
	(293, 6, '632', 'SABOYA'),
	(294, 6, '638', 'SACHICA'),
	(295, 6, '646', 'SAMACA'),
	(296, 6, '660', 'SAN EDUARDO'),
	(297, 6, '664', 'SAN JOSE DE PARE'),
	(298, 6, '667', 'SAN LUIS DE GACENO'),
	(299, 6, '673', 'SAN MATEO'),
	(300, 6, '676', 'SAN MIGUEL DE SEMA'),
	(301, 6, '681', 'SAN PABLO DE BORBUR'),
	(302, 6, '686', 'SANTANA'),
	(303, 6, '690', 'SANTA MARIA'),
	(304, 6, '693', 'SANTA ROSA DE VITERBO'),
	(305, 6, '696', 'SANTA SOFIA'),
	(306, 6, '720', 'SATIVANORTE'),
	(307, 6, '723', 'SATIVASUR'),
	(308, 6, '740', 'SIACHOQUE'),
	(309, 6, '753', 'SOATA'),
	(310, 6, '755', 'SOCOTA'),
	(311, 6, '757', 'SOCHA'),
	(312, 6, '759', 'SOGAMOSO'),
	(313, 6, '761', 'SOMONDOCO'),
	(314, 6, '762', 'SORA'),
	(315, 6, '763', 'SOTAQUIRA'),
	(316, 6, '764', 'SORACA'),
	(317, 6, '774', 'SUSACON'),
	(318, 6, '776', 'SUTAMARCHAN'),
	(319, 6, '778', 'SUTATENZA'),
	(320, 6, '790', 'TASCO'),
	(321, 6, '798', 'TENZA'),
	(322, 6, '804', 'TIBANA'),
	(323, 6, '806', 'TIBASOSA'),
	(324, 6, '808', 'TINJACA'),
	(325, 6, '810', 'TIPACOQUE'),
	(326, 6, '814', 'TOCA'),
	(327, 6, '816', 'TOGUI'),
	(328, 6, '820', 'TOPAGA'),
	(329, 6, '822', 'TOTA'),
	(330, 6, '832', 'TUNUNGUA'),
	(331, 6, '835', 'TURMEQUE'),
	(332, 6, '837', 'TUTA'),
	(333, 6, '839', 'TUTASA'),
	(334, 6, '842', 'UMBITA'),
	(335, 6, '861', 'VENTAQUEMADA'),
	(336, 6, '879', 'VIRACACHA'),
	(337, 6, '897', 'ZETAQUIRA'),
	(338, 7, '001', 'MANIZALES'),
	(339, 7, '013', 'AGUADAS'),
	(340, 7, '042', 'ANSERMA'),
	(341, 7, '050', 'ARANZAZU'),
	(342, 7, '088', 'BELALCAZAR'),
	(343, 7, '174', 'CHINCHINA'),
	(344, 7, '272', 'FILADELFIA'),
	(345, 7, '380', 'LA DORADA'),
	(346, 7, '388', 'LA MERCED'),
	(347, 7, '433', 'MANZANARES'),
	(348, 7, '442', 'MARMATO'),
	(349, 7, '444', 'MARQUETALIA'),
	(350, 7, '446', 'MARULANDA'),
	(351, 7, '486', 'NEIRA'),
	(352, 7, '495', 'NORCASIA'),
	(353, 7, '513', 'PACORA'),
	(354, 7, '524', 'PALESTINA'),
	(355, 7, '541', 'PENSILVANIA'),
	(356, 7, '614', 'RIOSUCIO'),
	(357, 7, '616', 'RISARALDA'),
	(358, 7, '653', 'SALAMINA'),
	(359, 7, '662', 'SAMANA'),
	(360, 7, '665', 'SAN JOSE'),
	(361, 7, '777', 'SUPIA'),
	(362, 7, '867', 'VICTORIA'),
	(363, 7, '873', 'VILLAMARIA'),
	(364, 7, '877', 'VITERBO'),
	(365, 8, '001', 'FLORENCIA'),
	(366, 8, '029', 'ALBANIA'),
	(367, 8, '094', 'BELEN DE LOS ANDAQUIES'),
	(368, 8, '150', 'CARTAGENA DEL CHAIRA'),
	(369, 8, '205', 'CURILLO'),
	(370, 8, '247', 'EL DONCELLO'),
	(371, 8, '256', 'EL PAUJIL'),
	(372, 8, '410', 'LA MONTAÑITA'),
	(373, 8, '460', 'MILAN'),
	(374, 8, '479', 'MORELIA'),
	(375, 8, '592', 'PUERTO RICO'),
	(376, 8, '610', 'SAN JOSE DE FRAGUA'),
	(377, 8, '753', 'SAN  VICENTE DEL CAGUAN'),
	(378, 8, '756', 'SOLANO'),
	(379, 8, '785', 'SOLITA'),
	(380, 8, '860', 'VALPARAISO'),
	(381, 9, '001', 'POPAYAN'),
	(382, 9, '022', 'ALMAGUER'),
	(383, 9, '050', 'ARGELIA'),
	(384, 9, '075', 'BALBOA'),
	(385, 9, '100', 'BOLIVAR'),
	(386, 9, '110', 'BUENOS AIRES'),
	(387, 9, '130', 'CAJIBIO'),
	(388, 9, '137', 'CALDONO'),
	(389, 9, '142', 'CALOTO'),
	(390, 9, '212', 'CORINTO'),
	(391, 9, '256', 'EL TAMBO'),
	(392, 9, '290', 'FLORENCIA'),
	(393, 9, '318', 'GUAPI'),
	(394, 9, '355', 'INZA'),
	(395, 9, '364', 'JAMBALO'),
	(396, 9, '392', 'LA SIERRA'),
	(397, 9, '397', 'LA VEGA'),
	(398, 9, '418', 'LOPEZ (MICAY)'),
	(399, 9, '450', 'MERCADERES'),
	(400, 9, '455', 'MIRANDA'),
	(401, 9, '473', 'MORALES'),
	(402, 9, '513', 'PADILLA'),
	(403, 9, '517', 'PAEZ (BELALCAZAR)'),
	(404, 9, '532', 'PATIA (EL BORDO)'),
	(405, 9, '533', 'PIAMONTE'),
	(406, 9, '548', 'PIENDAMO'),
	(407, 9, '573', 'PUERTO TEJADA'),
	(408, 9, '585', 'PURACE (COCONUCO)'),
	(409, 9, '622', 'ROSAS'),
	(410, 9, '693', 'SAN SEBASTIAN'),
	(411, 9, '698', 'SANTANDER DE QUILICHAO'),
	(412, 9, '701', 'SANTA ROSA'),
	(413, 9, '743', 'SILVIA'),
	(414, 9, '760', 'SOTARA (PAISPAMBA)'),
	(415, 9, '780', 'SUAREZ'),
	(416, 9, '807', 'TIMBIO'),
	(417, 9, '809', 'TIMBIQUI'),
	(418, 9, '821', 'TORIBIO'),
	(419, 9, '824', 'TOTORO'),
	(420, 9, '845', 'VILLARICA'),
	(421, 10, '001', 'VALLEDUPAR'),
	(422, 10, '011', 'AGUACHICA'),
	(423, 10, '013', 'AGUSTIN CODAZZI'),
	(424, 10, '032', 'ASTREA'),
	(425, 10, '045', 'BECERRIL'),
	(426, 10, '060', 'BOSCONIA'),
	(427, 10, '175', 'CHIMICHAGUA'),
	(428, 10, '178', 'CHIRIGUANA'),
	(429, 10, '228', 'CURUMANI'),
	(430, 10, '238', 'EL COPEY'),
	(431, 10, '250', 'EL PASO'),
	(432, 10, '295', 'GAMARRA'),
	(433, 10, '310', 'GONZALEZ'),
	(434, 10, '383', 'LA GLORIA'),
	(435, 10, '400', 'LA JAGUA IBIRICO'),
	(436, 10, '443', 'MANAURE (BALCON DEL CESAR)'),
	(437, 10, '517', 'PAILITAS'),
	(438, 10, '550', 'PELAYA'),
	(439, 10, '570', 'PUEBLO BELLO'),
	(440, 10, '614', 'RIO DE ORO'),
	(441, 10, '621', 'LA PAZ (ROBLES)'),
	(442, 10, '710', 'SAN ALBERTO'),
	(443, 10, '750', 'SAN DIEGO'),
	(444, 10, '770', 'SAN MARTIN'),
	(445, 10, '787', 'TAMALAMEQUE'),
	(446, 11, '001', 'MONTERIA'),
	(447, 11, '068', 'AYAPEL'),
	(448, 11, '079', 'BUENAVISTA'),
	(449, 11, '090', 'CANALETE'),
	(450, 11, '162', 'CERETE'),
	(451, 11, '168', 'CHIMA'),
	(452, 11, '182', 'CHINU'),
	(453, 11, '189', 'CIENAGA DE ORO'),
	(454, 11, '300', 'COTORRA'),
	(455, 11, '350', 'LA APARTADA'),
	(456, 11, '417', 'LORICA'),
	(457, 11, '419', 'LOS CORDOBAS'),
	(458, 11, '464', 'MOMIL'),
	(459, 11, '466', 'MONTELIBANO'),
	(460, 11, '500', 'MOÑITOS'),
	(461, 11, '555', 'PLANETA RICA'),
	(462, 11, '570', 'PUEBLO NUEVO'),
	(463, 11, '574', 'PUERTO ESCONDIDO'),
	(464, 11, '580', 'PUERTO LIBERTADOR'),
	(465, 11, '586', 'PURISIMA'),
	(466, 11, '660', 'SAHAGUN'),
	(467, 11, '670', 'SAN ANDRES SOTAVENTO'),
	(468, 11, '672', 'SAN ANTERO'),
	(469, 11, '675', 'SAN BERNARDO DEL VIENTO'),
	(470, 11, '678', 'SAN CARLOS'),
	(471, 11, '686', 'SAN PELAYO'),
	(472, 11, '807', 'TIERRALTA'),
	(473, 11, '855', 'VALENCIA'),
	(474, 12, '001', 'AGUA DE DIOS'),
	(475, 12, '019', 'ALBAN'),
	(476, 12, '035', 'ANAPOIMA'),
	(477, 12, '040', 'ANOLAIMA'),
	(478, 12, '053', 'ARBELAEZ'),
	(479, 12, '086', 'BELTRAN'),
	(480, 12, '095', 'BITUIMA'),
	(481, 12, '099', 'BOJACA'),
	(482, 12, '120', 'CABRERA'),
	(483, 12, '123', 'CACHIPAY'),
	(484, 12, '126', 'CAJICA'),
	(485, 12, '148', 'CAPARRAPI'),
	(486, 12, '151', 'CAQUEZA'),
	(487, 12, '154', 'CARMEN DE CARUPA'),
	(488, 12, '168', 'CHAGUANI'),
	(489, 12, '175', 'CHIA'),
	(490, 12, '178', 'CHIPAQUE'),
	(491, 12, '181', 'CHOACHI'),
	(492, 12, '183', 'CHOCONTA'),
	(493, 12, '200', 'COGUA'),
	(494, 12, '214', 'COTA'),
	(495, 12, '224', 'CUCUNUBA'),
	(496, 12, '245', 'EL COLEGIO'),
	(497, 12, '258', 'EL PEÑON'),
	(498, 12, '260', 'EL ROSAL'),
	(499, 12, '269', 'FACATATIVA'),
	(500, 12, '279', 'FOMEQUE'),
	(501, 12, '281', 'FOSCA'),
	(502, 12, '286', 'FUNZA'),
	(503, 12, '288', 'FUQUENE'),
	(504, 12, '290', 'FUSAGASUGA'),
	(505, 12, '293', 'GACHALA'),
	(506, 12, '295', 'GACHANCIPA'),
	(507, 12, '297', 'GACHETA'),
	(508, 12, '299', 'GAMA'),
	(509, 12, '307', 'GIRARDOT'),
	(510, 12, '312', 'GRANADA'),
	(511, 12, '317', 'GUACHETA'),
	(512, 12, '320', 'GUADUAS'),
	(513, 12, '322', 'GUASCA'),
	(514, 12, '324', 'GUATAQUI'),
	(515, 12, '326', 'GUATAVITA'),
	(516, 12, '328', 'GUAYABAL DE SIQUIMA'),
	(517, 12, '335', 'GUAYABETAL'),
	(518, 12, '339', 'GUTIERREZ'),
	(519, 12, '368', 'JERUSALEN'),
	(520, 12, '372', 'JUNIN'),
	(521, 12, '377', 'LA CALERA'),
	(522, 12, '386', 'LA MESA'),
	(523, 12, '394', 'LA PALMA'),
	(524, 12, '398', 'LA PEÑA'),
	(525, 12, '402', 'LA VEGA'),
	(526, 12, '407', 'LENGUAZAQUE'),
	(527, 12, '426', 'MACHETA'),
	(528, 12, '430', 'MADRID'),
	(529, 12, '436', 'MANTA'),
	(530, 12, '438', 'MEDINA'),
	(531, 12, '473', 'MOSQUERA'),
	(532, 12, '483', 'NARIÑO'),
	(533, 12, '486', 'NEMOCON'),
	(534, 12, '488', 'NILO'),
	(535, 12, '489', 'NIMAIMA'),
	(536, 12, '491', 'NOCAIMA'),
	(537, 12, '506', 'VENECIA (OSPINA PEREZ)'),
	(538, 12, '513', 'PACHO'),
	(539, 12, '518', 'PAIME'),
	(540, 12, '524', 'PANDI'),
	(541, 12, '530', 'PARATEBUENO'),
	(542, 12, '535', 'PASCA'),
	(543, 12, '572', 'PUERTO SALGAR'),
	(544, 12, '580', 'PULI'),
	(545, 12, '592', 'QUEBRADANEGRA'),
	(546, 12, '594', 'QUETAME'),
	(547, 12, '596', 'QUIPILE'),
	(548, 12, '599', 'APULO (RAFAEL REYES)'),
	(549, 12, '612', 'RICAURTE'),
	(550, 12, '645', 'SAN  ANTONIO DEL  TEQUENDAMA'),
	(551, 12, '649', 'SAN BERNARDO'),
	(552, 12, '653', 'SAN CAYETANO'),
	(553, 12, '658', 'SAN FRANCISCO'),
	(554, 12, '662', 'SAN JUAN DE RIOSECO'),
	(555, 12, '718', 'SASAIMA'),
	(556, 12, '736', 'SESQUILE'),
	(557, 12, '740', 'SIBATE'),
	(558, 12, '743', 'SILVANIA'),
	(559, 12, '745', 'SIMIJACA'),
	(560, 12, '754', 'SOACHA'),
	(561, 12, '758', 'SOPO'),
	(562, 12, '769', 'SUBACHOQUE'),
	(563, 12, '772', 'SUESCA'),
	(564, 12, '777', 'SUPATA'),
	(565, 12, '779', 'SUSA'),
	(566, 12, '781', 'SUTATAUSA'),
	(567, 12, '785', 'TABIO'),
	(568, 12, '793', 'TAUSA'),
	(569, 12, '797', 'TENA'),
	(570, 12, '799', 'TENJO'),
	(571, 12, '805', 'TIBACUY'),
	(572, 12, '807', 'TIBIRITA'),
	(573, 12, '815', 'TOCAIMA'),
	(574, 12, '817', 'TOCANCIPA'),
	(575, 12, '823', 'TOPAIPI'),
	(576, 12, '839', 'UBALA'),
	(577, 12, '841', 'UBAQUE'),
	(578, 12, '843', 'UBATE'),
	(579, 12, '845', 'UNE'),
	(580, 12, '851', 'UTICA'),
	(581, 12, '862', 'VERGARA'),
	(582, 12, '867', 'VIANI'),
	(583, 12, '871', 'VILLAGOMEZ'),
	(584, 12, '873', 'VILLAPINZON'),
	(585, 12, '875', 'VILLETA'),
	(586, 12, '878', 'VIOTA'),
	(587, 12, '885', 'YACOPI'),
	(588, 12, '898', 'ZIPACON'),
	(589, 12, '899', 'ZIPAQUIRA'),
	(590, 13, '001', 'QUIBDO (SAN FRANCISCO DE QUIBDO)'),
	(591, 13, '006', 'ACANDI'),
	(592, 13, '025', 'ALTO BAUDO (PIE DE PATO)'),
	(593, 13, '050', 'ATRATO'),
	(594, 13, '073', 'BAGADO'),
	(595, 13, '075', 'BAHIA SOLANO (MUTIS)'),
	(596, 13, '077', 'BAJO BAUDO (PIZARRO)'),
	(597, 13, '099', 'BOJAYA (BELLAVISTA)'),
	(598, 13, '135', 'CANTON DE SAN PABLO (MANAGRU)'),
	(599, 13, '205', 'CONDOTO'),
	(600, 13, '245', 'EL CARMEN DE ATRATO'),
	(601, 13, '250', 'LITORAL DEL BAJO SAN JUAN (SANTA GENOVEVA'),
	(602, 13, '361', 'ISTMINA'),
	(603, 13, '372', 'JURADO'),
	(604, 13, '413', 'LLORO'),
	(605, 13, '425', 'MEDIO ATRATO'),
	(606, 13, '430', 'MEDIO BAUDO'),
	(607, 13, '491', 'NOVITA'),
	(608, 13, '495', 'NUQUI'),
	(609, 13, '600', 'RIOQUITO'),
	(610, 13, '615', 'RIOSUCIO'),
	(611, 13, '660', 'SAN JOSE DEL PALMAR'),
	(612, 13, '745', 'SIPI'),
	(613, 13, '787', 'TADO'),
	(614, 13, '800', 'UNGUIA'),
	(615, 13, '810', 'UNION PANAMERICANA'),
	(616, 14, '001', 'NEIVA'),
	(617, 14, '006', 'ACEVEDO'),
	(618, 14, '013', 'AGRADO'),
	(619, 14, '016', 'AIPE'),
	(620, 14, '020', 'ALGECIRAS'),
	(621, 14, '026', 'ALTAMIRA'),
	(622, 14, '078', 'BARAYA'),
	(623, 14, '132', 'CAMPOALEGRE'),
	(624, 14, '206', 'COLOMBIA'),
	(625, 14, '244', 'ELIAS'),
	(626, 14, '298', 'GARZON'),
	(627, 14, '306', 'GIGANTE'),
	(628, 14, '319', 'GUADALUPE'),
	(629, 14, '349', 'HOBO'),
	(630, 14, '357', 'IQUIRA'),
	(631, 14, '359', 'ISNOS (SAN JOSE DE ISNOS)'),
	(632, 14, '378', 'LA ARGENTINA'),
	(633, 14, '396', 'LA PLATA'),
	(634, 14, '483', 'NATAGA'),
	(635, 14, '503', 'OPORAPA'),
	(636, 14, '518', 'PAICOL'),
	(637, 14, '524', 'PALERMO'),
	(638, 14, '530', 'PALESTINA'),
	(639, 14, '548', 'PITAL'),
	(640, 14, '551', 'PITALITO'),
	(641, 14, '615', 'RIVERA'),
	(642, 14, '660', 'SALADOBLANCO'),
	(643, 14, '668', 'SAN AGUSTIN'),
	(644, 14, '676', 'SANTA MARIA'),
	(645, 14, '770', 'SUAZA'),
	(646, 14, '791', 'TARQUI'),
	(647, 14, '797', 'TESALIA'),
	(648, 14, '799', 'TELLO'),
	(649, 14, '801', 'TERUEL'),
	(650, 14, '807', 'TIMANA'),
	(651, 14, '872', 'VILLAVIEJA'),
	(652, 14, '885', 'YAGUARA'),
	(653, 15, '001', 'RIOHACHA'),
	(654, 15, '078', 'BARRANCAS'),
	(655, 15, '090', 'DIBULLA'),
	(656, 15, '098', 'DISTRACCION'),
	(657, 15, '110', 'EL MOLINO'),
	(658, 15, '279', 'FONSECA'),
	(659, 15, '378', 'HATONUEVO'),
	(660, 15, '420', 'LA JAGUA DEL PILAR'),
	(661, 15, '430', 'MAICAO'),
	(662, 15, '560', 'MANAURE'),
	(663, 15, '650', 'SAN JUAN DEL CESAR'),
	(664, 15, '847', 'URIBIA'),
	(665, 15, '855', 'URUMITA'),
	(666, 15, '874', 'VILLANUEVA'),
	(667, 16, '001', 'SANTA MARTA (DISTRITO TURISTICO, CULTURAL'),
	(668, 16, '030', 'ALGARROBO'),
	(669, 16, '053', 'ARACATACA'),
	(670, 16, '058', 'ARIGUANI (EL DIFICIL)'),
	(671, 16, '161', 'CERRO SAN ANTONIO'),
	(672, 16, '170', 'CHIVOLO'),
	(673, 16, '189', 'CIENAGA'),
	(674, 16, '205', 'CONCORDIA'),
	(675, 16, '245', 'EL BANCO'),
	(676, 16, '258', 'EL PIÑON'),
	(677, 16, '268', 'EL RETEN'),
	(678, 16, '288', 'FUNDACION'),
	(679, 16, '318', 'GUAMAL'),
	(680, 16, '541', 'PEDRAZA'),
	(681, 16, '545', 'PIJIÑO DEL CARMEN (PIJIÑO)'),
	(682, 16, '551', 'PIVIJAY'),
	(683, 16, '555', 'PLATO'),
	(684, 16, '570', 'PUEBLOVIEJO'),
	(685, 16, '605', 'REMOLINO'),
	(686, 16, '660', 'SABANAS DE SAN ANGEL'),
	(687, 16, '675', 'SALAMINA'),
	(688, 16, '692', 'SAN SEBASTIAN DE BUENAVISTA'),
	(689, 16, '703', 'SAN ZENON'),
	(690, 16, '707', 'SANTA ANA'),
	(691, 16, '745', 'SITIONUEVO'),
	(692, 16, '798', 'TENERIFE'),
	(693, 17, '001', 'VILLAVICENCIO'),
	(694, 17, '006', 'ACACIAS'),
	(695, 17, '110', 'BARRANCA DE UPIA'),
	(696, 17, '124', 'CABUYARO'),
	(697, 17, '150', 'CASTILLA LA NUEVA'),
	(698, 17, '223', 'SAN LUIS DE CUBARRAL'),
	(699, 17, '226', 'CUMARAL'),
	(700, 17, '245', 'EL CALVARIO'),
	(701, 17, '251', 'EL CASTILLO'),
	(702, 17, '270', 'EL DORADO'),
	(703, 17, '287', 'FUENTE DE ORO'),
	(704, 17, '313', 'GRANADA'),
	(705, 17, '318', 'GUAMAL'),
	(706, 17, '325', 'MAPIRIPAN'),
	(707, 17, '330', 'MESETAS'),
	(708, 17, '350', 'LA MACARENA'),
	(709, 17, '370', 'LA URIBE'),
	(710, 17, '400', 'LEJANIAS'),
	(711, 17, '450', 'PUERTO CONCORDIA'),
	(712, 17, '568', 'PUERTO GAITAN'),
	(713, 17, '573', 'PUERTO LOPEZ'),
	(714, 17, '577', 'PUERTO LLERAS'),
	(715, 17, '590', 'PUERTO RICO'),
	(716, 17, '606', 'RESTREPO'),
	(717, 17, '680', 'SAN CARLOS DE GUAROA'),
	(718, 17, '683', 'SAN  JUAN DE ARAMA'),
	(719, 17, '686', 'SAN JUANITO'),
	(720, 17, '689', 'SAN MARTIN'),
	(721, 17, '711', 'VISTAHERMOSA'),
	(722, 18, '001', 'PASTO (SAN JUAN DE PASTO)'),
	(723, 18, '019', 'ALBAN (SAN JOSE)'),
	(724, 18, '022', 'ALDANA'),
	(725, 18, '036', 'ANCUYA'),
	(726, 18, '051', 'ARBOLEDA (BERRUECOS)'),
	(727, 18, '079', 'BARBACOAS'),
	(728, 18, '083', 'BELEN'),
	(729, 18, '110', 'BUESACO'),
	(730, 18, '203', 'COLON (GENOVA)'),
	(731, 18, '207', 'CONSACA'),
	(732, 18, '210', 'CONTADERO'),
	(733, 18, '215', 'CORDOBA'),
	(734, 18, '224', 'CUASPUD (CARLOSAMA)'),
	(735, 18, '227', 'CUMBAL'),
	(736, 18, '233', 'CUMBITARA'),
	(737, 18, '240', 'CHACHAGUI'),
	(738, 18, '250', 'EL CHARCO'),
	(739, 18, '254', 'EL PEÑOL'),
	(740, 18, '256', 'EL ROSARIO'),
	(741, 18, '258', 'EL TABLON'),
	(742, 18, '260', 'EL TAMBO'),
	(743, 18, '287', 'FUNES'),
	(744, 18, '317', 'GUACHUCAL'),
	(745, 18, '320', 'GUAITARILLA'),
	(746, 18, '323', 'GUALMATAN'),
	(747, 18, '352', 'ILES'),
	(748, 18, '354', 'IMUES'),
	(749, 18, '356', 'IPIALES'),
	(750, 18, '378', 'LA CRUZ'),
	(751, 18, '381', 'LA FLORIDA'),
	(752, 18, '385', 'LA LLANADA'),
	(753, 18, '390', 'LA TOLA'),
	(754, 18, '399', 'LA UNION'),
	(755, 18, '405', 'LEIVA'),
	(756, 18, '411', 'LINARES'),
	(757, 18, '418', 'LOS ANDES (SOTOMAYOR)'),
	(758, 18, '427', 'MAGUI (PAYAN)'),
	(759, 18, '435', 'MALLAMA (PIEDRANCHA)'),
	(760, 18, '473', 'MOSQUERA'),
	(761, 18, '490', 'OLAYA HERRERA (BOCAS DE SATINGA)'),
	(762, 18, '506', 'OSPINA'),
	(763, 18, '520', 'FRANCISCO PIZARRO (SALAHONDA)'),
	(764, 18, '540', 'POLICARPA'),
	(765, 18, '560', 'POTOSI'),
	(766, 18, '565', 'PROVIDENCIA'),
	(767, 18, '573', 'PUERRES'),
	(768, 18, '585', 'PUPIALES'),
	(769, 18, '612', 'RICAURTE'),
	(770, 18, '621', 'ROBERTO PAYAN (SAN JOSE)'),
	(771, 18, '678', 'SAMANIEGO'),
	(772, 18, '683', 'SANDONA'),
	(773, 18, '685', 'SAN BERNARDO'),
	(774, 18, '687', 'SAN LORENZO'),
	(775, 18, '693', 'SAN PABLO'),
	(776, 18, '694', 'SAN PEDRO DE CARTAGO'),
	(777, 18, '696', 'SANTA BARBARA (ISCUANDE)'),
	(778, 18, '699', 'SANTA CRUZ (GUACHAVES)'),
	(779, 18, '720', 'SAPUYES'),
	(780, 18, '786', 'TAMINANGO'),
	(781, 18, '788', 'TANGUA'),
	(782, 18, '835', 'TUMACO'),
	(783, 18, '838', 'TUQUERRES'),
	(784, 18, '885', 'YACUANQUER'),
	(785, 19, '001', 'CUCUTA'),
	(786, 19, '003', 'ABREGO'),
	(787, 19, '051', 'ARBOLEDAS'),
	(788, 19, '099', 'BOCHALEMA'),
	(789, 19, '109', 'BUCARASICA'),
	(790, 19, '125', 'CACOTA'),
	(791, 19, '128', 'CACHIRA'),
	(792, 19, '172', 'CHINACOTA'),
	(793, 19, '174', 'CHITAGA'),
	(794, 19, '206', 'CONVENCION'),
	(795, 19, '223', 'CUCUTILLA'),
	(796, 19, '239', 'DURANIA'),
	(797, 19, '245', 'EL CARMEN'),
	(798, 19, '250', 'EL TARRA'),
	(799, 19, '261', 'EL ZULIA'),
	(800, 19, '313', 'GRAMALOTE'),
	(801, 19, '344', 'HACARI'),
	(802, 19, '347', 'HERRAN'),
	(803, 19, '377', 'LABATECA'),
	(804, 19, '385', 'LA ESPERANZA'),
	(805, 19, '398', 'LA PLAYA'),
	(806, 19, '405', 'LOS PATIOS'),
	(807, 19, '418', 'LOURDES'),
	(808, 19, '480', 'MUTISCUA'),
	(809, 19, '498', 'OCAÑA'),
	(810, 19, '518', 'PAMPLONA'),
	(811, 19, '520', 'PAMPLONITA'),
	(812, 19, '553', 'PUERTO SANTANDER'),
	(813, 19, '599', 'RAGONVALIA'),
	(814, 19, '660', 'SALAZAR'),
	(815, 19, '670', 'SAN CALIXTO'),
	(816, 19, '673', 'SAN CAYETANO'),
	(817, 19, '680', 'SANTIAGO'),
	(818, 19, '720', 'SARDINATA'),
	(819, 19, '743', 'SILOS'),
	(820, 19, '800', 'TEORAMA'),
	(821, 19, '810', 'TIBU'),
	(822, 19, '820', 'TOLEDO'),
	(823, 19, '871', 'VILLACARO'),
	(824, 19, '874', 'VILLA DEL ROSARIO'),
	(825, 20, '001', 'ARMENIA'),
	(826, 20, '111', 'BUENAVISTA'),
	(827, 20, '130', 'CALARCA'),
	(828, 20, '190', 'CIRCASIA'),
	(829, 20, '212', 'CORDOBA'),
	(830, 20, '272', 'FILANDIA'),
	(831, 20, '302', 'GENOVA'),
	(832, 20, '401', 'LA TEBAIDA'),
	(833, 20, '470', 'MONTENEGRO'),
	(834, 20, '548', 'PIJAO'),
	(835, 20, '594', 'QUIMBAYA'),
	(836, 20, '690', 'SALENTO'),
	(837, 21, '001', 'PEREIRA'),
	(838, 21, '045', 'APIA'),
	(839, 21, '075', 'BALBOA'),
	(840, 21, '088', 'BELEN DE UMBRIA'),
	(841, 21, '170', 'DOS QUEBRADAS'),
	(842, 21, '318', 'GUATICA'),
	(843, 21, '383', 'LA CELIA'),
	(844, 21, '400', 'LA VIRGINIA'),
	(845, 21, '440', 'MARSELLA'),
	(846, 21, '456', 'MISTRATO'),
	(847, 21, '572', 'PUEBLO RICO'),
	(848, 21, '594', 'QUINCHIA'),
	(849, 21, '682', 'SANTA ROSA DE CABAL'),
	(850, 21, '687', 'SANTUARIO'),
	(851, 22, '001', 'BUCARAMANGA'),
	(852, 22, '013', 'AGUADA'),
	(853, 22, '020', 'ALBANIA'),
	(854, 22, '051', 'ARATOCA'),
	(855, 22, '077', 'BARBOSA'),
	(856, 22, '079', 'BARICHARA'),
	(857, 22, '081', 'BARRANCABERMEJA'),
	(858, 22, '092', 'BETULIA'),
	(859, 22, '101', 'BOLIVAR'),
	(860, 22, '121', 'CABRERA'),
	(861, 22, '132', 'CALIFORNIA'),
	(862, 22, '147', 'CAPITANEJO'),
	(863, 22, '152', 'CARCASI'),
	(864, 22, '160', 'CEPITA'),
	(865, 22, '162', 'CERRITO'),
	(866, 22, '167', 'CHARALA'),
	(867, 22, '169', 'CHARTA'),
	(868, 22, '176', 'CHIMA'),
	(869, 22, '179', 'CHIPATA'),
	(870, 22, '190', 'CIMITARRA'),
	(871, 22, '207', 'CONCEPCION'),
	(872, 22, '209', 'CONFINES'),
	(873, 22, '211', 'CONTRATACION'),
	(874, 22, '217', 'COROMORO'),
	(875, 22, '229', 'CURITI'),
	(876, 22, '235', 'EL CARMEN DE CHUCURY'),
	(877, 22, '245', 'EL GUACAMAYO'),
	(878, 22, '250', 'EL PEÑON'),
	(879, 22, '255', 'EL PLAYON'),
	(880, 22, '264', 'ENCINO'),
	(881, 22, '266', 'ENCISO'),
	(882, 22, '271', 'FLORIAN'),
	(883, 22, '276', 'FLORIDABLANCA'),
	(884, 22, '296', 'GALAN'),
	(885, 22, '298', 'GAMBITA'),
	(886, 22, '307', 'GIRON'),
	(887, 22, '318', 'GUACA'),
	(888, 22, '320', 'GUADALUPE'),
	(889, 22, '322', 'GUAPOTA'),
	(890, 22, '324', 'GUAVATA'),
	(891, 22, '327', 'GUEPSA'),
	(892, 22, '344', 'HATO'),
	(893, 22, '368', 'JESUS MARIA'),
	(894, 22, '370', 'JORDAN'),
	(895, 22, '377', 'LA BELLEZA'),
	(896, 22, '385', 'LANDAZURI'),
	(897, 22, '397', 'LA PAZ'),
	(898, 22, '406', 'LEBRIJA'),
	(899, 22, '418', 'LOS SANTOS'),
	(900, 22, '425', 'MACARAVITA'),
	(901, 22, '432', 'MALAGA'),
	(902, 22, '444', 'MATANZA'),
	(903, 22, '464', 'MOGOTES'),
	(904, 22, '468', 'MOLAGAVITA'),
	(905, 22, '498', 'OCAMONTE'),
	(906, 22, '500', 'OIBA'),
	(907, 22, '502', 'ONZAGA'),
	(908, 22, '522', 'PALMAR'),
	(909, 22, '524', 'PALMAS DEL SOCORRO'),
	(910, 22, '533', 'PARAMO'),
	(911, 22, '547', 'PIEDECUESTA'),
	(912, 22, '549', 'PINCHOTE'),
	(913, 22, '572', 'PUENTE NACIONAL'),
	(914, 22, '573', 'PUERTO PARRA'),
	(915, 22, '575', 'PUERTO WILCHES'),
	(916, 22, '615', 'RIONEGRO'),
	(917, 22, '655', 'SABANA DE TORRES'),
	(918, 22, '669', 'SAN ANDRES'),
	(919, 22, '673', 'SAN BENITO'),
	(920, 22, '679', 'SAN GIL'),
	(921, 22, '682', 'SAN JOAQUIN'),
	(922, 22, '684', 'SAN JOSE DE MIRANDA'),
	(923, 22, '686', 'SAN MIGUEL'),
	(924, 22, '689', 'SAN VICENTE DE CHUCURI'),
	(925, 22, '705', 'SANTA BARBARA'),
	(926, 22, '720', 'SANTA HELENA DEL OPON'),
	(927, 22, '745', 'SIMACOTA'),
	(928, 22, '755', 'SOCORRO'),
	(929, 22, '770', 'SUAITA'),
	(930, 22, '773', 'SUCRE'),
	(931, 22, '780', 'SURATA'),
	(932, 22, '820', 'TONA'),
	(933, 22, '855', 'VALLE SAN JOSE'),
	(934, 22, '861', 'VELEZ'),
	(935, 22, '867', 'VETAS'),
	(936, 22, '872', 'VILLANUEVA'),
	(937, 22, '895', 'ZAPATOCA'),
	(938, 23, '001', 'SINCELEJO'),
	(939, 23, '110', 'BUENAVISTA'),
	(940, 23, '124', 'CAIMITO'),
	(941, 23, '204', 'COLOSO (RICAURTE)'),
	(942, 23, '215', 'COROZAL'),
	(943, 23, '230', 'CHALAN'),
	(944, 23, '235', 'GALERAS (NUEVA GRANADA)'),
	(945, 23, '265', 'GUARANDA'),
	(946, 23, '400', 'LA UNION'),
	(947, 23, '418', 'LOS PALMITOS'),
	(948, 23, '429', 'MAJAGUAL'),
	(949, 23, '473', 'MORROA'),
	(950, 23, '508', 'OVEJAS'),
	(951, 23, '523', 'PALMITO'),
	(952, 23, '670', 'SAMPUES'),
	(953, 23, '678', 'SAN BENITO ABAD'),
	(954, 23, '702', 'SAN JUAN DE BETULIA'),
	(955, 23, '708', 'SAN MARCOS'),
	(956, 23, '713', 'SAN ONOFRE'),
	(957, 23, '717', 'SAN PEDRO'),
	(958, 23, '742', 'SINCE'),
	(959, 23, '771', 'SUCRE'),
	(960, 23, '820', 'TOLU'),
	(961, 23, '823', 'TOLUVIEJO'),
	(962, 24, '001', 'IBAGUE'),
	(963, 24, '024', 'ALPUJARRA'),
	(964, 24, '026', 'ALVARADO'),
	(965, 24, '030', 'AMBALEMA'),
	(966, 24, '043', 'ANZOATEGUI'),
	(967, 24, '055', 'ARMERO (GUAYABAL)'),
	(968, 24, '067', 'ATACO'),
	(969, 24, '124', 'CAJAMARCA'),
	(970, 24, '148', 'CARMEN APICALA'),
	(971, 24, '152', 'CASABIANCA'),
	(972, 24, '168', 'CHAPARRAL'),
	(973, 24, '200', 'COELLO'),
	(974, 24, '217', 'COYAIMA'),
	(975, 24, '226', 'CUNDAY'),
	(976, 24, '236', 'DOLORES'),
	(977, 24, '268', 'ESPINAL'),
	(978, 24, '270', 'FALAN'),
	(979, 24, '275', 'FLANDES'),
	(980, 24, '283', 'FRESNO'),
	(981, 24, '319', 'GUAMO'),
	(982, 24, '347', 'HERVEO'),
	(983, 24, '349', 'HONDA'),
	(984, 24, '352', 'ICONONZO'),
	(985, 24, '408', 'LERIDA'),
	(986, 24, '411', 'LIBANO'),
	(987, 24, '443', 'MARIQUITA'),
	(988, 24, '449', 'MELGAR'),
	(989, 24, '461', 'MURILLO'),
	(990, 24, '483', 'NATAGAIMA'),
	(991, 24, '504', 'ORTEGA'),
	(992, 24, '520', 'PALOCABILDO'),
	(993, 24, '547', 'PIEDRAS'),
	(994, 24, '555', 'PLANADAS'),
	(995, 24, '563', 'PRADO'),
	(996, 24, '585', 'PURIFICACION'),
	(997, 24, '616', 'RIOBLANCO'),
	(998, 24, '622', 'RONCESVALLES'),
	(999, 24, '624', 'ROVIRA'),
	(1000, 24, '671', 'SALDAÑA'),
	(1001, 24, '675', 'SAN ANTONIO'),
	(1002, 24, '678', 'SAN LUIS'),
	(1003, 24, '686', 'SANTA ISABEL'),
	(1004, 24, '770', 'SUAREZ'),
	(1005, 24, '854', 'VALLE DE SAN JUAN'),
	(1006, 24, '861', 'VENADILLO'),
	(1007, 24, '870', 'VILLAHERMOSA'),
	(1008, 24, '873', 'VILLARRICA'),
	(1009, 25, '001', 'CALI (SANTIAGO DE CALI)'),
	(1010, 25, '020', 'ALCALA'),
	(1011, 25, '036', 'ANDALUCIA'),
	(1012, 25, '041', 'ANSERMANUEVO'),
	(1013, 25, '054', 'ARGELIA'),
	(1014, 25, '100', 'BOLIVAR'),
	(1015, 25, '109', 'BUENAVENTURA'),
	(1016, 25, '111', 'BUGA'),
	(1017, 25, '113', 'BUGALAGRANDE'),
	(1018, 25, '122', 'CAICEDONIA'),
	(1019, 25, '126', 'CALIMA (DARIEN)'),
	(1020, 25, '130', 'CANDELARIA'),
	(1021, 25, '147', 'CARTAGO'),
	(1022, 25, '233', 'DAGUA'),
	(1023, 25, '243', 'EL AGUILA'),
	(1024, 25, '246', 'EL CAIRO'),
	(1025, 25, '248', 'EL CERRITO'),
	(1026, 25, '250', 'EL DOVIO'),
	(1027, 25, '275', 'FLORIDA'),
	(1028, 25, '306', 'GINEBRA'),
	(1029, 25, '318', 'GUACARI'),
	(1030, 25, '364', 'JAMUNDI'),
	(1031, 25, '377', 'LA CUMBRE'),
	(1032, 25, '400', 'LA UNION'),
	(1033, 25, '403', 'LA VICTORIA'),
	(1034, 25, '497', 'OBANDO'),
	(1035, 25, '520', 'PALMIRA'),
	(1036, 25, '563', 'PRADERA'),
	(1037, 25, '606', 'RESTREPO'),
	(1038, 25, '616', 'RIOFRIO'),
	(1039, 25, '622', 'ROLDANILLO'),
	(1040, 25, '670', 'SAN PEDRO'),
	(1041, 25, '736', 'SEVILLA'),
	(1042, 25, '823', 'TORO'),
	(1043, 25, '828', 'TRUJILLO'),
	(1044, 25, '834', 'TULUA'),
	(1045, 25, '845', 'ULLOA'),
	(1046, 25, '863', 'VERSALLES'),
	(1047, 25, '869', 'VIJES'),
	(1048, 25, '890', 'YOTOCO'),
	(1049, 25, '892', 'YUMBO'),
	(1050, 25, '895', 'ZARZAL'),
	(1051, 26, '001', 'ARAUCA'),
	(1052, 26, '065', 'ARAUQUITA'),
	(1053, 26, '220', 'CRAVO NORTE'),
	(1054, 26, '300', 'FORTUL'),
	(1055, 26, '591', 'PUERTO RONDON'),
	(1056, 26, '736', 'SARAVENA'),
	(1057, 26, '794', 'TAME'),
	(1058, 27, '001', 'YOPAL'),
	(1059, 27, '010', 'AGUAZUL'),
	(1060, 27, '015', 'CHAMEZA'),
	(1061, 27, '125', 'HATO COROZAL'),
	(1062, 27, '136', 'LA SALINA'),
	(1063, 27, '139', 'MANI'),
	(1064, 27, '162', 'MONTERREY'),
	(1065, 27, '225', 'NUNCHIA'),
	(1066, 27, '230', 'OROCUE'),
	(1067, 27, '250', 'PAZ DE ARIPORO'),
	(1068, 27, '263', 'PORE'),
	(1069, 27, '279', 'RECETOR'),
	(1070, 27, '300', 'SABANALARGA'),
	(1071, 27, '315', 'SACAMA'),
	(1072, 27, '325', 'SAN LUIS DE PALENQUE'),
	(1073, 27, '400', 'TAMARA'),
	(1074, 27, '410', 'TAURAMENA'),
	(1075, 27, '430', 'TRINIDAD'),
	(1076, 27, '440', 'VILLANUEVA'),
	(1077, 28, '001', 'MOCOA'),
	(1078, 28, '219', 'COLON'),
	(1079, 28, '320', 'ORITO'),
	(1080, 28, '568', 'PUERTO ASIS'),
	(1081, 28, '569', 'PUERTO CAICEDO'),
	(1082, 28, '571', 'PUERTO GUZMAN'),
	(1083, 28, '573', 'PUERTO LEGUIZAMO'),
	(1084, 28, '749', 'SIBUNDOY'),
	(1085, 28, '755', 'SAN FRANCISCO'),
	(1086, 28, '757', 'SAN MIGUEL (LA DORADA)'),
	(1087, 28, '760', 'SANTIAGO'),
	(1088, 28, '865', 'LA HORMIGA (VALLE DEL GUAMUEZ)'),
	(1089, 28, '885', 'VILLAGARZON'),
	(1090, 29, '001', 'SAN ANDRES'),
	(1091, 29, '564', 'PROVIDENCIA'),
	(1092, 30, '001', 'LETICIA'),
	(1093, 30, '263', 'EL ENCANTO'),
	(1094, 30, '405', 'LA CHORRERA'),
	(1095, 30, '407', 'LA PEDRERA'),
	(1096, 30, '430', 'LA VICTORIA'),
	(1097, 30, '460', 'MIRITI-PARANA'),
	(1098, 30, '530', 'PUERTO ALEGRIA'),
	(1099, 30, '536', 'PUERTO ARICA'),
	(1100, 30, '540', 'PUERTO NARIÑO'),
	(1101, 30, '669', 'PUERTO SANTANDER'),
	(1102, 30, '798', 'TARAPACA'),
	(1103, 31, '001', 'PUERTO INIRIDA'),
	(1104, 31, '343', 'BARRANCO MINAS'),
	(1105, 31, '883', 'SAN FELIPE'),
	(1106, 31, '884', 'PUERTO COLOMBIA'),
	(1107, 31, '885', 'LA GUADALUPE'),
	(1108, 31, '886', 'CACAHUAL'),
	(1109, 31, '887', 'PANA PANA (CAMPO ALEGRE)'),
	(1110, 31, '888', 'MORICHAL (MORICHAL NUEVO)'),
	(1111, 32, '001', 'SAN JOSE DEL GUAVIARE'),
	(1112, 32, '015', 'CALAMAR'),
	(1113, 32, '025', 'EL RETORNO'),
	(1114, 32, '200', 'MIRAFLORES'),
	(1115, 33, '001', 'MITU'),
	(1116, 33, '161', 'CARURU'),
	(1117, 33, '511', 'PACOA'),
	(1118, 33, '666', 'TARAIRA'),
	(1119, 33, '777', 'PAPUNAUA (MORICHAL)'),
	(1120, 33, '889', 'YAVARATE'),
	(1121, 35, '001', 'PUERTO CARREÑO'),
	(1122, 35, '524', 'LA PRIMAVERA'),
	(1123, 35, '572', 'SANTA RITA'),
	(1124, 35, '666', 'SANTA ROSALIA'),
	(1125, 35, '760', 'SAN JOSE DE OCUNE'),
	(1126, 35, '773', 'CUMARIBO'),
	(1128, 1, '000', 'No aplica');
/*!40000 ALTER TABLE `cities` ENABLE KEYS */;

/*!40101 SET SQL_MODE=IFNULL(@OLD_SQL_MODE, '') */;
/*!40014 SET FOREIGN_KEY_CHECKS=IF(@OLD_FOREIGN_KEY_CHECKS IS NULL, 1, @OLD_FOREIGN_KEY_CHECKS) */;
/*!40101 SET CHARACTER_SET_CLIENT=@OLD_CHARACTER_SET_CLIENT */;



ALTER TABLE `establecimiento`
	DROP COLUMN `RESGUARDO`,
	DROP COLUMN `ETNIA`,
	DROP COLUMN `DISCA`,
	DROP COLUMN `CAPAEXCEP`,
	DROP COLUMN `SUBSIDIO`,
	DROP COLUMN `ID_CARACTER`,
	DROP COLUMN `FECHA_CREACION`,
	DROP COLUMN `DPTO_FUN`,
	DROP COLUMN `ID_CALENDARIO`;
	
ALTER TABLE `establecimiento`
	ADD COLUMN `ID_COUNTRY` INT(20) NOT NULL DEFAULT '45' AFTER `ID`,
	ADD INDEX `K_ID_COUNTRY` (`ID_COUNTRY`),
	ADD CONSTRAINT `FK_establecimiento_countries` FOREIGN KEY (`ID_COUNTRY`) REFERENCES `countries` (`id`) ON UPDATE CASCADE;

ALTER TABLE `establecimiento`
	CHANGE COLUMN `SEDES` `SEDES` INT NOT NULL DEFAULT '1' AFTER `CORREO`;

ALTER TABLE `establecimiento`
	ALTER `NOMBRE_IE` DROP DEFAULT;
ALTER TABLE `establecimiento`
	CHANGE COLUMN `NOMBRE_IE` `NOMBRE_IE` VARCHAR(250) NOT NULL AFTER `LOCALIDAD`;
	
ALTER TABLE `establecimiento`
	COLLATE='utf8_general_ci',
	CONVERT TO CHARSET utf8;

ALTER TABLE `tipo_establecimiento`
	COLLATE='utf8_general_ci',
	CONVERT TO CHARSET utf8;
	
ALTER TABLE `establecimiento`
	CHANGE COLUMN `MUN_FUN` `ID_CITY` INT(30) NOT NULL DEFAULT '1' AFTER `ID_SECTOR`,
	DROP INDEX `mun_FUN`,
	ADD INDEX `K_ID_CITY` (`ID_CITY`),
	ADD CONSTRAINT `FK_establecimiento_cities` FOREIGN KEY (`ID_CITY`) REFERENCES `cities` (`id`) ON UPDATE CASCADE;
	
ALTER TABLE `establecimiento`
	CHANGE COLUMN `TELEFONOS` `TELEFONOS` VARCHAR(250) NOT NULL DEFAULT '0' AFTER `DIRECCION`;
	
	
ALTER TABLE `establecimiento`
	ALTER `COD_DANE` DROP DEFAULT,
	ALTER `ID_ZONA` DROP DEFAULT,
	ALTER `ID_SECTOR` DROP DEFAULT,
	ALTER `LOCALIDAD` DROP DEFAULT,
	ALTER `CORREO` DROP DEFAULT,
	ALTER `NIT` DROP DEFAULT;
ALTER TABLE `establecimiento`
	CHANGE COLUMN `ID_CITY` `ID_CITY` INT(30) NOT NULL DEFAULT '1' AFTER `ID_COUNTRY`,
	CHANGE COLUMN `ID_ZONA` `ID_ZONA` INT(1) NOT NULL AFTER `ID_CITY`,
	CHANGE COLUMN `ID_SECTOR` `ID_SECTOR` VARCHAR(1) NOT NULL AFTER `ID_ZONA`,
	CHANGE COLUMN `COD_DANE` `COD_DANE` VARCHAR(12) NOT NULL AFTER `GENERO`,
	CHANGE COLUMN `NIT` `NIT` VARCHAR(20) NOT NULL AFTER `NOMBRE_IE`,
	CHANGE COLUMN `LOCALIDAD` `LOCALIDAD` VARCHAR(100) NOT NULL AFTER `DIRECCION`,
	CHANGE COLUMN `CORREO` `CORREO` VARCHAR(200) NOT NULL AFTER `WEB`;

ALTER TABLE `sedes`
	ALTER `COD_ZONA` DROP DEFAULT,
	ALTER `FAX` DROP DEFAULT,
	ALTER `COD_SEXO` DROP DEFAULT,
	ALTER `CONS_SEDE` DROP DEFAULT,
	ALTER `NOM_SEDE` DROP DEFAULT,
	ALTER `DIREC_SEDE` DROP DEFAULT,
	ALTER `TEL_SED` DROP DEFAULT,
	ALTER `EMAIL` DROP DEFAULT;
ALTER TABLE `sedes`
	CHANGE COLUMN `mun` `ID_CITY` INT(30) NOT NULL DEFAULT '1' AFTER `ID_INST`,
	CHANGE COLUMN `COD_ZONA` `ID_ZONA` INT(2) NOT NULL AFTER `ID_CITY`,
	CHANGE COLUMN `COD_SEXO` `ID_SEXO` INT(1) NOT NULL AFTER `ID_ZONA`,
	CHANGE COLUMN `CONS_SEDE` `CONS_SEDE` VARCHAR(14) NOT NULL AFTER `ID_SEXO`,
	CHANGE COLUMN `FAX` `FAX` VARCHAR(50) NOT NULL AFTER `DANE_SEDE`,
	CHANGE COLUMN `NOM_SEDE` `NOMBRE_SEDE` VARCHAR(100) NOT NULL AFTER `FAX`,
	CHANGE COLUMN `DIREC_SEDE` `DIRECCION_SEDE` VARCHAR(100) NOT NULL AFTER `NOMBRE_SEDE`,
	CHANGE COLUMN `TEL_SED` `TELEFONOS_SEDE` VARCHAR(200) NOT NULL AFTER `DIRECCION_SEDE`,
	CHANGE COLUMN `EMAIL` `EMAIL` VARCHAR(200) NOT NULL AFTER `BARRIO`,
	DROP COLUMN `COD_JORN`,
	DROP COLUMN `COD_NIV`,
	DROP COLUMN `FECHA`,
	DROP COLUMN `dpto`;
	
	
/*!40101 SET @OLD_CHARACTER_SET_CLIENT=@@CHARACTER_SET_CLIENT */;
/*!40101 SET NAMES utf8 */;
/*!50503 SET NAMES utf8mb4 */;
/*!40014 SET @OLD_FOREIGN_KEY_CHECKS=@@FOREIGN_KEY_CHECKS, FOREIGN_KEY_CHECKS=0 */;
/*!40101 SET @OLD_SQL_MODE=@@SQL_MODE, SQL_MODE='NO_AUTO_VALUE_ON_ZERO' */;

-- Volcando estructura para tabla sme.niveles_sedes
CREATE TABLE IF NOT EXISTS `niveles_sedes` (
  `id` int(11) NOT NULL AUTO_INCREMENT,
  `id_sede` int(30) NOT NULL,
  `id_nivel` int(30) NOT NULL,
  `estado` int(1) NOT NULL DEFAULT 1,
  PRIMARY KEY (`id`),
  UNIQUE KEY `UK_Nivel_Sede` (`id_nivel`,`id_sede`),
  KEY `K_id_sede` (`id_sede`),
  KEY `K_id_nivel` (`id_nivel`),
  CONSTRAINT `FK_niveles_sedes_niveles_estudio` FOREIGN KEY (`id_nivel`) REFERENCES `niveles_estudio` (`id`) ON UPDATE CASCADE,
  CONSTRAINT `FK_niveles_sedes_sedes` FOREIGN KEY (`id_sede`) REFERENCES `sedes` (`ID`) ON UPDATE CASCADE
) ENGINE=InnoDB AUTO_INCREMENT=5 DEFAULT CHARSET=utf8;

-- Volcando datos para la tabla sme.niveles_sedes: ~4 rows (aproximadamente)
/*!40000 ALTER TABLE `niveles_sedes` DISABLE KEYS */;
INSERT INTO `niveles_sedes` (`id`, `id_sede`, `id_nivel`, `estado`) VALUES
	(1, 1, 1, 1),
	(2, 1, 2, 1),
	(3, 1, 3, 1),
	(4, 1, 4, 1);
/*!40000 ALTER TABLE `niveles_sedes` ENABLE KEYS */;

/*!40101 SET SQL_MODE=IFNULL(@OLD_SQL_MODE, '') */;
/*!40014 SET FOREIGN_KEY_CHECKS=IF(@OLD_FOREIGN_KEY_CHECKS IS NULL, 1, @OLD_FOREIGN_KEY_CHECKS) */;
/*!40101 SET CHARACTER_SET_CLIENT=@OLD_CHARACTER_SET_CLIENT */;


/*!40101 SET @OLD_CHARACTER_SET_CLIENT=@@CHARACTER_SET_CLIENT */;
/*!40101 SET NAMES utf8 */;
/*!50503 SET NAMES utf8mb4 */;
/*!40014 SET @OLD_FOREIGN_KEY_CHECKS=@@FOREIGN_KEY_CHECKS, FOREIGN_KEY_CHECKS=0 */;
/*!40101 SET @OLD_SQL_MODE=@@SQL_MODE, SQL_MODE='NO_AUTO_VALUE_ON_ZERO' */;

-- Volcando estructura para tabla sme.jornadas_sedes
CREATE TABLE IF NOT EXISTS `jornadas_sedes` (
  `id` int(11) NOT NULL AUTO_INCREMENT,
  `id_sede` int(11) NOT NULL,
  `id_jornada` int(11) NOT NULL,
  PRIMARY KEY (`id`),
  UNIQUE KEY `UK_jornada_sede` (`id_jornada`,`id_sede`),
  KEY `id_sede` (`id_sede`),
  KEY `id_jornada` (`id_jornada`),
  CONSTRAINT `FK_jornadas_sedes_jornadas` FOREIGN KEY (`id_jornada`) REFERENCES `jornadas` (`cod_jorn`) ON UPDATE CASCADE,
  CONSTRAINT `FK_jornadas_sedes_sedes` FOREIGN KEY (`id_sede`) REFERENCES `sedes` (`ID`) ON UPDATE CASCADE
) ENGINE=InnoDB AUTO_INCREMENT=4 DEFAULT CHARSET=utf8;

-- Volcando datos para la tabla sme.jornadas_sedes: ~3 rows (aproximadamente)
/*!40000 ALTER TABLE `jornadas_sedes` DISABLE KEYS */;
INSERT INTO `jornadas_sedes` (`id`, `id_sede`, `id_jornada`) VALUES
	(1, 1, 1),
	(2, 1, 2),
	(3, 1, 3);
/*!40000 ALTER TABLE `jornadas_sedes` ENABLE KEYS */;

/*!40101 SET SQL_MODE=IFNULL(@OLD_SQL_MODE, '') */;
/*!40014 SET FOREIGN_KEY_CHECKS=IF(@OLD_FOREIGN_KEY_CHECKS IS NULL, 1, @OLD_FOREIGN_KEY_CHECKS) */;
/*!40101 SET CHARACTER_SET_CLIENT=@OLD_CHARACTER_SET_CLIENT */;

